<?xml version="1.0" encoding="UTF-8" standalone="yes" ?>
<!--
   JavaScript 7th Edition
   Chapter 11
   Chapter Case

   Sample RSS Sports Headlines Feed


   Filename: headlines.xml
-->

<rss version="2.0">

   <channel>

      <title>Current Headlines</title>
      <description>Sports News Feed</description>

      <item>
         <title>Carls leads at PGA</title>
         <link>http://www.sbloggernewslinks.com/pga/pga238.html</link>         
         <description>Brett Carls took a three stroke lead into 
                      the final round of the PGA Championship at Whistling 
                      Straits.
         </description>
      </item>

      <item>
         <title>Groveney Signs</title>
         <link>http://www.sbloggernewslinks.com/nhl/nhl38891.html</link>
         <description>New York signed leading defenseman Steve Groveney 
                      to a 2-year contract on Thursday.
         </description>
      </item>

      <item>
         <title>Olson Out for 2 Weeks</title>
         <link>http://www.sbloggernewslinks.com/nfl/nfl8771.html</link>
         <description>Team officials announced that Kansas City QB Drew Olson will miss two weeks
                      of practice due to a sprained knee.
         </description>
      </item>

      <item>
         <title>Koke Triumphs in Malaysia</title>
         <link>http://www.sbloggernewslinks.com/surf/surf8717.html</link>
         <description>Koke won the Men's Open 
                      Division victory in the closely contested 
                      final of the Malaysian Surfing Pro Am.
         </description>
      </item>

      <item>
         <title>Gregg Called Up</title>
         <link>http://www.sbloggernewslinks.com/mlb/mlb81808.html</link>
         <description>Steve Gregg was recalled to the majors
                      after allowing two hits in six innings in 
                      his third start for the Tipton Turbines.
         </description>
      </item>

  </channel>

</rss>